Name () (71c),Pos () (71c),Team () (71c),Injury () (71d),Return Date () (71d),Date Injured () (71d)
Rudy Gobert,C,Minnesota Timberwolves,,,
Naz Reid,C,Minnesota Timberwolves,,,
Luka Garza,C,Minnesota Timberwolves,,,
Julius Randle,C,Minnesota Timberwolves,,,
Jesse Edwards,C,Minnesota Timberwolves,,,
Julius Randle,PF,Minnesota Timberwolves,,,
Naz Reid,PF,Minnesota Timberwolves,,,
Jaden McDaniels,PF,Minnesota Timberwolves,,,
Joe Ingles,PF,Minnesota Timberwolves,,,
Mike Conley,PG,Minnesota Timberwolves,,,
Donte DiVincenzo,PG,Minnesota Timberwolves,,,
Robert Dillingham,PG,Minnesota Timberwolves,Ankle,Probable,5/9/2025
Anthony Edwards,PG,Minnesota Timberwolves,,,
Bones Hyland,PG,Minnesota Timberwolves,,,
Tristen Newton,PG,Minnesota Timberwolves,,,
Jaden McDaniels,SF,Minnesota Timberwolves,,,
Terrence Shannon Jr.,SF,Minnesota Timberwolves,,,
Jaylen Clark,SF,Minnesota Timberwolves,,,
Nickeil Alexander-Walker,SF,Minnesota Timberwolves,,,
Donte DiVincenzo,SF,Minnesota Timberwolves,,,
Joe Ingles,SF,Minnesota Timberwolves,,,
Josh Minott,SF,Minnesota Timberwolves,,,
Anthony Edwards,SF,Minnesota Timberwolves,,,
Anthony Edwards,SG,Minnesota Timberwolves,,,
Nickeil Alexander-Walker,SG,Minnesota Timberwolves,,,
Donte DiVincenzo,SG,Minnesota Timberwolves,,,
Terrence Shannon Jr.,SG,Minnesota Timberwolves,,,
Jaylen Clark,SG,Minnesota Timberwolves,,,
Joe Ingles,SG,Minnesota Timberwolves,,,
Josh Minott,SG,Minnesota Timberwolves,,,
Bones Hyland,SG,Minnesota Timberwolves,,,
Tristen Newton,SG,Minnesota Timberwolves,,,
Myles Turner,C,Indiana Pacers,,,
Obi Toppin,C,Indiana Pacers,,,
Tony Bradley,C,Indiana Pacers,,,
Thomas Bryant,C,Indiana Pacers,,,
Pascal Siakam,C,Indiana Pacers,,,
James Johnson,C,Indiana Pacers,,,
Jarace Walker,C,Indiana Pacers,Ankle,Out|Expected To Be Out Until At Least Oct 1,6/21/2025
Isaiah Jackson,C,Indiana Pacers,Achilles,Out|Expected To Be Out Until At Least Oct 1,11/2/2025
Enrique Freeman,C,Indiana Pacers,,,
Pascal Siakam,PF,Indiana Pacers,,,
Jarace Walker,PF,Indiana Pacers,Ankle,Out|Expected To Be Out Until At Least Oct 1,6/21/2025
Obi Toppin,PF,Indiana Pacers,,,
Aaron Nesmith,PF,Indiana Pacers,,,
James Johnson,PF,Indiana Pacers,,,
Enrique Freeman,PF,Indiana Pacers,,,
Tyrese Haliburton,PG,Indiana Pacers,Calf,Out|Expected To Be Out Until At Least Jun 22,6/21/2025
T.J. McConnell,PG,Indiana Pacers,,,
Andrew Nembhard,PG,Indiana Pacers,,,
Ben Sheppard,PG,Indiana Pacers,,,
RayJ Dennis,PG,Indiana Pacers,,,
Quenton Jackson,PG,Indiana Pacers,,,
Aaron Nesmith,SF,Indiana Pacers,,,
Bennedict Mathurin,SF,Indiana Pacers,,,
Jarace Walker,SF,Indiana Pacers,Ankle,Out|Expected To Be Out Until At Least Oct 1,6/21/2025
Johnny Furphy,SF,Indiana Pacers,,,
Ben Sheppard,SF,Indiana Pacers,,,
Pascal Siakam,SF,Indiana Pacers,,,
Quenton Jackson,SF,Indiana Pacers,,,
Andrew Nembhard,SG,Indiana Pacers,,,
Ben Sheppard,SG,Indiana Pacers,,,
Bennedict Mathurin,SG,Indiana Pacers,,,
Johnny Furphy,SG,Indiana Pacers,,,
Tyrese Haliburton,SG,Indiana Pacers,Calf,Out|Expected To Be Out Until At Least Jun 22,6/21/2025
Aaron Nesmith,SG,Indiana Pacers,,,
Quenton Jackson,SG,Indiana Pacers,,,
Walker Kessler,C,Utah Jazz,Concussion,Out|Expected To Be Out Until At Least Oct 1,4/23/2025
Oscar Tshiebwe,C,Utah Jazz,,,
Kyle Filipowski,C,Utah Jazz,,,
Micah Potter,C,Utah Jazz,,,
John Collins,C,Utah Jazz,Ankle,Out|Expected To Be Out Until At Least Oct 1,4/23/2025
Taylor Hendricks,C,Utah Jazz,Lower Leg,Out|Expected To Be Out Until At Least Oct 1,4/23/2025
Kyle Filipowski,PF,Utah Jazz,,,
KJ Martin Jr.,PF,Utah Jazz,,,
Micah Potter,PF,Utah Jazz,,,
Brice Sensabaugh,PF,Utah Jazz,,,
Lauri Markkanen,PF,Utah Jazz,Knee,Out|Expected To Be Out Until At Least Oct 1,4/23/2025
John Collins,PF,Utah Jazz,Ankle,Out|Expected To Be Out Until At Least Oct 1,4/23/2025
Taylor Hendricks,PF,Utah Jazz,Lower Leg,Out|Expected To Be Out Until At Least Oct 1,4/23/2025
Cody Williams,PF,Utah Jazz,Illness,Out|Expected To Be Out Until At Least Oct 1,4/23/2025
Isaiah Collier,PG,Utah Jazz,Hamstring,Out|Expected To Be Out Until At Least Oct 1,4/23/2025
Keyonte George,PG,Utah Jazz,,,
Elijah Harkless,PG,Utah Jazz,,,
Collin Sexton,PG,Utah Jazz,,,
Jordan Clarkson,PG,Utah Jazz,Foot,Out|Expected To Be Out Until At Least Oct 1,4/23/2025
Brice Sensabaugh,SF,Utah Jazz,,,
Sviatoslav Mykhailiuk,SF,Utah Jazz,,,
Johnny Juzang,SF,Utah Jazz,,,
KJ Martin Jr.,SF,Utah Jazz,,,
Jaden Springer,SF,Utah Jazz,,,
Lauri Markkanen,SF,Utah Jazz,Knee,Out|Expected To Be Out Until At Least Oct 1,4/23/2025
Cody Williams,SF,Utah Jazz,Illness,Out|Expected To Be Out Until At Least Oct 1,4/23/2025
Jordan Clarkson,SF,Utah Jazz,Foot,Out|Expected To Be Out Until At Least Oct 1,4/23/2025
Taylor Hendricks,SF,Utah Jazz,Lower Leg,Out|Expected To Be Out Until At Least Oct 1,4/23/2025
Collin Sexton,SG,Utah Jazz,,,
Johnny Juzang,SG,Utah Jazz,,,
Jaden Springer,SG,Utah Jazz,,,
Keyonte George,SG,Utah Jazz,,,
Sviatoslav Mykhailiuk,SG,Utah Jazz,,,
Brice Sensabaugh,SG,Utah Jazz,,,
Isaiah Collier,SG,Utah Jazz,Hamstring,Out|Expected To Be Out Until At Least Oct 1,4/23/2025
Elijah Harkless,SG,Utah Jazz,,,
Jordan Clarkson,SG,Utah Jazz,Foot,Out|Expected To Be Out Until At Least Oct 1,4/23/2025
Wendell Carter Jr.,C,Orlando Magic,,,
Jonathan Isaac,C,Orlando Magic,,,
Goga Bitadze,C,Orlando Magic,,,
Moritz Wagner,C,Orlando Magic,Knee,Out|Expected To Be Out Until At Least Oct 1,12/22/2025
Paolo Banchero,PF,Orlando Magic,,,
Caleb Houstan,PF,Orlando Magic,,,
Jonathan Isaac,PF,Orlando Magic,,,
Tristan Da Silva,PF,Orlando Magic,,,
Jett Howard,PF,Orlando Magic,,,
Wendell Carter Jr.,PF,Orlando Magic,,,
Franz Wagner,PF,Orlando Magic,,,
Moritz Wagner,PF,Orlando Magic,Knee,Out|Expected To Be Out Until At Least Oct 1,12/22/2025
Cory Joseph,PG,Orlando Magic,,,
Anthony Black,PG,Orlando Magic,,,
Cole Anthony,PG,Orlando Magic,,,
Trevelin Queen,PG,Orlando Magic,,,
Mac McClung,PG,Orlando Magic,,,
Ethan Thompson,PG,Orlando Magic,,,
Jalen Suggs,PG,Orlando Magic,Knee,Out|Expected To Be Out Until At Least Oct 1,3/4/2025
Franz Wagner,SF,Orlando Magic,,,
Gary Harris,SF,Orlando Magic,,,
Caleb Houstan,SF,Orlando Magic,,,
Tristan Da Silva,SF,Orlando Magic,,,
Jett Howard,SF,Orlando Magic,,,
Kentavious Caldwell-Pope,SF,Orlando Magic,,,
Anthony Black,SF,Orlando Magic,,,
Jonathan Isaac,SF,Orlando Magic,,,
Paolo Banchero,SF,Orlando Magic,,,
Kentavious Caldwell-Pope,SG,Orlando Magic,,,
Cole Anthony,SG,Orlando Magic,,,
Gary Harris,SG,Orlando Magic,,,
Jett Howard,SG,Orlando Magic,,,
Franz Wagner,SG,Orlando Magic,,,
Caleb Houstan,SG,Orlando Magic,,,
Anthony Black,SG,Orlando Magic,,,
Trevelin Queen,SG,Orlando Magic,,,
Mac McClung,SG,Orlando Magic,,,
Ethan Thompson,SG,Orlando Magic,,,
Jalen Suggs,SG,Orlando Magic,Knee,Out|Expected To Be Out Until At Least Oct 1,3/4/2025
Onyeka Okongwu,C,Atlanta Hawks,,,
Dominick Barlow,C,Atlanta Hawks,,,
Mouhamed Gueye,C,Atlanta Hawks,,,
Clint Capela,C,Atlanta Hawks,Hand,Out|Expected To Be Out Until At Least Oct 1,4/23/2025
Larry Nance Jr.,C,Atlanta Hawks,Knee,Out|Expected To Be Out Until At Least Oct 1,4/23/2025
Jalen Johnson,C,Atlanta Hawks,Shoulder,Out|Expected To Be Out Until At Least Oct 1,4/23/2025
Mouhamed Gueye,PF,Atlanta Hawks,,,
Georges Niang,PF,Atlanta Hawks,,,
Zaccharie Risacher,PF,Atlanta Hawks,,,
Dominick Barlow,PF,Atlanta Hawks,,,
Onyeka Okongwu,PF,Atlanta Hawks,,,
Jacob Toppin,PF,Atlanta Hawks,,,
Larry Nance Jr.,PF,Atlanta Hawks,Knee,Out|Expected To Be Out Until At Least Oct 1,4/23/2025
Jalen Johnson,PF,Atlanta Hawks,Shoulder,Out|Expected To Be Out Until At Least Oct 1,4/23/2025
Trae Young,PG,Atlanta Hawks,,,
Terance Mann,PG,Atlanta Hawks,,,
Dyson Daniels,PG,Atlanta Hawks,,,
Caris LeVert,PG,Atlanta Hawks,,,
Vit Krejci,PG,Atlanta Hawks,,,
Keaton Wallace,PG,Atlanta Hawks,,,
Kobe Bufkin,PG,Atlanta Hawks,Shoulder,Out|Expected To Be Out Until At Least Oct 1,4/23/2025
Zaccharie Risacher,SF,Atlanta Hawks,,,
Vit Krejci,SF,Atlanta Hawks,,,
Terance Mann,SF,Atlanta Hawks,,,
Caris LeVert,SF,Atlanta Hawks,,,
Georges Niang,SF,Atlanta Hawks,,,
Garrison Mathews,SF,Atlanta Hawks,,,
Dyson Daniels,SF,Atlanta Hawks,,,
Daeqwon Plowden,SF,Atlanta Hawks,,,
Jacob Toppin,SF,Atlanta Hawks,,,
Jalen Johnson,SF,Atlanta Hawks,Shoulder,Out|Expected To Be Out Until At Least Oct 1,4/23/2025
Dyson Daniels,SG,Atlanta Hawks,,,
Caris LeVert,SG,Atlanta Hawks,,,
Vit Krejci,SG,Atlanta Hawks,,,
Garrison Mathews,SG,Atlanta Hawks,,,
Terance Mann,SG,Atlanta Hawks,,,
Zaccharie Risacher,SG,Atlanta Hawks,,,
Daeqwon Plowden,SG,Atlanta Hawks,,,
Keaton Wallace,SG,Atlanta Hawks,,,
Kobe Bufkin,SG,Atlanta Hawks,Shoulder,Out|Expected To Be Out Until At Least Oct 1,4/23/2025
Kristaps Porzingis,C,Boston Celtics,,,
Luke Kornet,C,Boston Celtics,,,
Al Horford,C,Boston Celtics,,,
Neemias Queta,C,Boston Celtics,,,
Xavier Tillman,C,Boston Celtics,,,
Torrey Craig,C,Boston Celtics,,,
Al Horford,PF,Boston Celtics,,,
Sam Hauser,PF,Boston Celtics,,,
Kristaps Porzingis,PF,Boston Celtics,,,
Xavier Tillman,PF,Boston Celtics,,,
Torrey Craig,PF,Boston Celtics,,,
Jordan Walsh,PF,Boston Celtics,,,
Drew Peterson,PF,Boston Celtics,,,
Miles Norris,PF,Boston Celtics,,,
Jayson Tatum,PF,Boston Celtics,Achilles,Out|Expected To Be Out Until At Least Feb 1,5/16/2025
Derrick White,PG,Boston Celtics,,,
Jrue Holiday,PG,Boston Celtics,,,
Payton Pritchard,PG,Boston Celtics,,,
JD Davison,PG,Boston Celtics,,,
Jaylen Brown,SF,Boston Celtics,Knee,Out|Expected To Be Out Until At Least Oct 1,5/17/2025
Sam Hauser,SF,Boston Celtics,,,
Baylor Scheierman,SF,Boston Celtics,,,
Jordan Walsh,SF,Boston Celtics,,,
Torrey Craig,SF,Boston Celtics,,,
Drew Peterson,SF,Boston Celtics,,,
Miles Norris,SF,Boston Celtics,,,
Jayson Tatum,SF,Boston Celtics,Achilles,Out|Expected To Be Out Until At Least Feb 1,5/16/2025
Jrue Holiday,SG,Boston Celtics,,,
Payton Pritchard,SG,Boston Celtics,,,
Jaylen Brown,SG,Boston Celtics,Knee,Out|Expected To Be Out Until At Least Oct 1,5/17/2025
Baylor Scheierman,SG,Boston Celtics,,,
Derrick White,SG,Boston Celtics,,,
Jordan Walsh,SG,Boston Celtics,,,
JD Davison,SG,Boston Celtics,,,
Jarrett Allen,C,Cleveland Cavaliers,,,
Evan Mobley,C,Cleveland Cavaliers,,,
Tristan Thompson,C,Cleveland Cavaliers,,,
Chuma Okeke,C,Cleveland Cavaliers,,,
Dean Wade,C,Cleveland Cavaliers,,,
Nae'Qwan Tomlin,C,Cleveland Cavaliers,,,
Evan Mobley,PF,Cleveland Cavaliers,,,
Dean Wade,PF,Cleveland Cavaliers,,,
De'Andre Hunter,PF,Cleveland Cavaliers,,,
Javonte Green,PF,Cleveland Cavaliers,,,
Chuma Okeke,PF,Cleveland Cavaliers,,,
Isaac Okoro,PF,Cleveland Cavaliers,,,
Max Strus,PF,Cleveland Cavaliers,,,
Nae'Qwan Tomlin,PF,Cleveland Cavaliers,,,
Darius Garland,PG,Cleveland Cavaliers,Toe,Out|Expected To Be Out Until At Least Nov 1,6/9/2025
Ty Jerome,PG,Cleveland Cavaliers,,,
Donovan Mitchell,PG,Cleveland Cavaliers,,,
Craig Porter Jr.,PG,Cleveland Cavaliers,,,
Emoni Bates,PG,Cleveland Cavaliers,,,
Max Strus,SF,Cleveland Cavaliers,,,
De'Andre Hunter,SF,Cleveland Cavaliers,,,
Isaac Okoro,SF,Cleveland Cavaliers,,,
Javonte Green,SF,Cleveland Cavaliers,,,
Dean Wade,SF,Cleveland Cavaliers,,,
Jaylon Tyson,SF,Cleveland Cavaliers,,,
Chuma Okeke,SF,Cleveland Cavaliers,,,
Luke Travers,SF,Cleveland Cavaliers,,,
Emoni Bates,SF,Cleveland Cavaliers,,,
Donovan Mitchell,SG,Cleveland Cavaliers,,,
Sam Merrill,SG,Cleveland Cavaliers,Neck,Out|Expected To Be Out Until At Least Oct 1,5/14/2025
Max Strus,SG,Cleveland Cavaliers,,,
Isaac Okoro,SG,Cleveland Cavaliers,,,
Jaylon Tyson,SG,Cleveland Cavaliers,,,
Ty Jerome,SG,Cleveland Cavaliers,,,
Javonte Green,SG,Cleveland Cavaliers,,,
Craig Porter Jr.,SG,Cleveland Cavaliers,,,
Luke Travers,SG,Cleveland Cavaliers,,,
Emoni Bates,SG,Cleveland Cavaliers,,,
Karl-Anthony Towns,C,New York Knicks,,,
Mitchell Robinson,C,New York Knicks,,,
Precious Achiuwa,C,New York Knicks,Ankle,Probable,5/15/2025
Ariel Hukporti,C,New York Knicks,,,
P.J. Tucker,C,New York Knicks,,,
OG Anunoby,PF,New York Knicks,,,
Josh Hart,PF,New York Knicks,,,
Karl-Anthony Towns,PF,New York Knicks,,,
Precious Achiuwa,PF,New York Knicks,Ankle,Probable,5/15/2025
Mikal Bridges,PF,New York Knicks,,,
P.J. Tucker,PF,New York Knicks,,,
Marjon Beauchamp,PF,New York Knicks,,,
Anton Watson,PF,New York Knicks,,,
Jalen Brunson,PG,New York Knicks,,,
Delon Wright,PG,New York Knicks,,,
Miles McBride,PG,New York Knicks,,,
Cameron Payne,PG,New York Knicks,,,
Tyler Kolek,PG,New York Knicks,,,
Josh Hart,SF,New York Knicks,,,
Landry Shamet,SF,New York Knicks,,,
Mikal Bridges,SF,New York Knicks,,,
OG Anunoby,SF,New York Knicks,,,
Pacome Dadiet,SF,New York Knicks,,,
Marjon Beauchamp,SF,New York Knicks,,,
Kevin McCullar Jr.,SF,New York Knicks,,,
Anton Watson,SF,New York Knicks,,,
Mikal Bridges,SG,New York Knicks,,,
Miles McBride,SG,New York Knicks,,,
Landry Shamet,SG,New York Knicks,,,
Cameron Payne,SG,New York Knicks,,,
Pacome Dadiet,SG,New York Knicks,,,
Delon Wright,SG,New York Knicks,,,
Josh Hart,SG,New York Knicks,,,
Marjon Beauchamp,SG,New York Knicks,,,
Yves Missi,C,New Orleans Pelicans,Ankle,Out|Expected To Be Out Until At Least Oct 1,4/23/2025
Karlo Matkovic,C,New Orleans Pelicans,Hamstring,Out|Expected To Be Out Until At Least Oct 1,4/23/2025
Kelly Olynyk,C,New Orleans Pelicans,Achilles,Out|Expected To Be Out Until At Least Oct 1,4/23/2025
Jeremiah Robinson-Earl,C,New Orleans Pelicans,,,
Zion Williamson,C,New Orleans Pelicans,Back,Out|Expected To Be Out Until At Least Oct 1,4/23/2025
Herbert Jones,C,New Orleans Pelicans,Shoulder,Out|Expected To Be Out Until At Least Oct 1,4/23/2025
Kelly Olynyk,PF,New Orleans Pelicans,Achilles,Out|Expected To Be Out Until At Least Oct 1,4/23/2025
Jeremiah Robinson-Earl,PF,New Orleans Pelicans,,,
Karlo Matkovic,PF,New Orleans Pelicans,Hamstring,Out|Expected To Be Out Until At Least Oct 1,4/23/2025
Keion Brooks Jr.,PF,New Orleans Pelicans,,,
Brandon Boston Jr.,PF,New Orleans Pelicans,Ankle,Out|Expected To Be Out Until At Least Oct 1,4/23/2025
Trey Murphy III,PF,New Orleans Pelicans,Shoulder,Out|Expected To Be Out Until At Least Oct 1,4/23/2025
Zion Williamson,PF,New Orleans Pelicans,Back,Out|Expected To Be Out Until At Least Oct 1,4/23/2025
Herbert Jones,PF,New Orleans Pelicans,Shoulder,Out|Expected To Be Out Until At Least Oct 1,4/23/2025
Jose Alvarado,PG,New Orleans Pelicans,,,
Elfrid Payton,PG,New Orleans Pelicans,,,
Jordan Hawkins,PG,New Orleans Pelicans,Back,Out|Expected To Be Out Until At Least Oct 1,4/23/2025
Antonio Reeves,PG,New Orleans Pelicans,,,
Bruce Brown Jr.,PG,New Orleans Pelicans,Knee,Out|Expected To Be Out Until At Least Oct 1,4/23/2025
Lester Quinones,PG,New Orleans Pelicans,,,
Brandon Boston Jr.,PG,New Orleans Pelicans,Ankle,Out|Expected To Be Out Until At Least Oct 1,4/23/2025
C.J. McCollum,PG,New Orleans Pelicans,Foot,Out|Expected To Be Out Until At Least Oct 1,4/23/2025
Dejounte Murray,PG,New Orleans Pelicans,Achilles,Out|Expected To Be Out Until At Least Oct 1,4/23/2025
Bruce Brown Jr.,SF,New Orleans Pelicans,Knee,Out|Expected To Be Out Until At Least Oct 1,4/23/2025
Keion Brooks Jr.,SF,New Orleans Pelicans,,,
Jamal Cain,SF,New Orleans Pelicans,,,
Antonio Reeves,SF,New Orleans Pelicans,,,
Lester Quinones,SF,New Orleans Pelicans,,,
Jordan Hawkins,SF,New Orleans Pelicans,Back,Out|Expected To Be Out Until At Least Oct 1,4/23/2025
Brandon Boston Jr.,SF,New Orleans Pelicans,Ankle,Out|Expected To Be Out Until At Least Oct 1,4/23/2025
Zion Williamson,SF,New Orleans Pelicans,Back,Out|Expected To Be Out Until At Least Oct 1,4/23/2025
Trey Murphy III,SF,New Orleans Pelicans,Shoulder,Out|Expected To Be Out Until At Least Oct 1,4/23/2025
Herbert Jones,SF,New Orleans Pelicans,Shoulder,Out|Expected To Be Out Until At Least Oct 1,4/23/2025
Jordan Hawkins,SG,New Orleans Pelicans,Back,Out|Expected To Be Out Until At Least Oct 1,4/23/2025
Antonio Reeves,SG,New Orleans Pelicans,,,
Lester Quinones,SG,New Orleans Pelicans,,,
Bruce Brown Jr.,SG,New Orleans Pelicans,Knee,Out|Expected To Be Out Until At Least Oct 1,4/23/2025
Jamal Cain,SG,New Orleans Pelicans,,,
Jose Alvarado,SG,New Orleans Pelicans,,,
Brandon Boston Jr.,SG,New Orleans Pelicans,Ankle,Out|Expected To Be Out Until At Least Oct 1,4/23/2025
C.J. McCollum,SG,New Orleans Pelicans,Foot,Out|Expected To Be Out Until At Least Oct 1,4/23/2025
Trey Murphy III,SG,New Orleans Pelicans,Shoulder,Out|Expected To Be Out Until At Least Oct 1,4/23/2025
Herbert Jones,SG,New Orleans Pelicans,Shoulder,Out|Expected To Be Out Until At Least Oct 1,4/23/2025
Dejounte Murray,SG,New Orleans Pelicans,Achilles,Out|Expected To Be Out Until At Least Oct 1,4/23/2025
Donovan Clingan,C,Portland Trail Blazers,,,
Duop Reath,C,Portland Trail Blazers,,,
Jabari Walker,C,Portland Trail Blazers,,,
Jerami Grant,C,Portland Trail Blazers,Knee,Out|Expected To Be Out Until At Least Oct 1,4/23/2025
Deandre Ayton,C,Portland Trail Blazers,Calf,Out|Expected To Be Out Until At Least Oct 1,4/23/2025
Robert Williams,C,Portland Trail Blazers,Knee,Out|Expected To Be Out Until At Least Oct 1,4/23/2025
Deni Avdija,PF,Portland Trail Blazers,Thumb,Out|Expected To Be Out Until At Least Oct 1,4/23/2025
Kris Murray,PF,Portland Trail Blazers,,,
Jabari Walker,PF,Portland Trail Blazers,,,
Toumani Camara,PF,Portland Trail Blazers,,,
Matisse Thybulle,PF,Portland Trail Blazers,,,
Duop Reath,PF,Portland Trail Blazers,,,
Justin Minaya,PF,Portland Trail Blazers,,,
Jerami Grant,PF,Portland Trail Blazers,Knee,Out|Expected To Be Out Until At Least Oct 1,4/23/2025
Robert Williams,PF,Portland Trail Blazers,Knee,Out|Expected To Be Out Until At Least Oct 1,4/23/2025
Anfernee Simons,PG,Portland Trail Blazers,Forearm,Out|Expected To Be Out Until At Least Oct 1,4/23/2025
Scoot Henderson,PG,Portland Trail Blazers,Concussion,Out|Expected To Be Out Until At Least Oct 1,4/23/2025
Dalano Banton,PG,Portland Trail Blazers,,,
Shaedon Sharpe,PG,Portland Trail Blazers,Knee,Out|Expected To Be Out Until At Least Oct 1,4/23/2025
Rayan Rupert,PG,Portland Trail Blazers,,,
Toumani Camara,SF,Portland Trail Blazers,,,
Matisse Thybulle,SF,Portland Trail Blazers,,,
Kris Murray,SF,Portland Trail Blazers,,,
Deni Avdija,SF,Portland Trail Blazers,Thumb,Out|Expected To Be Out Until At Least Oct 1,4/23/2025
Shaedon Sharpe,SF,Portland Trail Blazers,Knee,Out|Expected To Be Out Until At Least Oct 1,4/23/2025
Dalano Banton,SF,Portland Trail Blazers,,,
Rayan Rupert,SF,Portland Trail Blazers,,,
Justin Minaya,SF,Portland Trail Blazers,,,
Jerami Grant,SF,Portland Trail Blazers,Knee,Out|Expected To Be Out Until At Least Oct 1,4/23/2025
Bryce McGowens,SF,Portland Trail Blazers,Ribs,Out|Expected To Be Out Until At Least Oct 1,4/23/2025
Shaedon Sharpe,SG,Portland Trail Blazers,Knee,Out|Expected To Be Out Until At Least Oct 1,4/23/2025
Anfernee Simons,SG,Portland Trail Blazers,Forearm,Out|Expected To Be Out Until At Least Oct 1,4/23/2025
Toumani Camara,SG,Portland Trail Blazers,,,
Dalano Banton,SG,Portland Trail Blazers,,,
Rayan Rupert,SG,Portland Trail Blazers,,,
Kris Murray,SG,Portland Trail Blazers,,,
Matisse Thybulle,SG,Portland Trail Blazers,,,
Justin Minaya,SG,Portland Trail Blazers,,,
Bryce McGowens,SG,Portland Trail Blazers,Ribs,Out|Expected To Be Out Until At Least Oct 1,4/23/2025
Zach Edey,C,Memphis Grizzlies,Ankle,Out|Expected To Be Out Until At Least Nov 1,6/11/2025
Jaren Jackson Jr.,C,Memphis Grizzlies,,,
Marvin Bagley III,C,Memphis Grizzlies,,,
Santi Aldama,C,Memphis Grizzlies,,,
Jay Huff,C,Memphis Grizzlies,,,
Lamar Stevens,C,Memphis Grizzlies,,,
Brandon Clarke,C,Memphis Grizzlies,Knee,Out|Expected To Be Out Until At Least Oct 1,3/22/2025
Jaren Jackson Jr.,PF,Memphis Grizzlies,,,
Santi Aldama,PF,Memphis Grizzlies,,,
Lamar Stevens,PF,Memphis Grizzlies,,,
GG Jackson II,PF,Memphis Grizzlies,,,
Vince Williams Jr.,PF,Memphis Grizzlies,,,
John Konchar,PF,Memphis Grizzlies,,,
Brandon Clarke,PF,Memphis Grizzlies,Knee,Out|Expected To Be Out Until At Least Oct 1,3/22/2025
Ja Morant,PG,Memphis Grizzlies,Hip,Out|Expected To Be Out Until At Least Oct 1,4/27/2025
Scotty Pippen Jr.,PG,Memphis Grizzlies,,,
Luke Kennard,PG,Memphis Grizzlies,,,
Desmond Bane,PG,Memphis Grizzlies,,,
Yuki Kawamura,PG,Memphis Grizzlies,,,
Zyon Pullin,PG,Memphis Grizzlies,Knee,Out|Expected To Be Out Until At Least Jul 2,4/23/2025
Cam Spencer,PG,Memphis Grizzlies,,,
Desmond Bane,SF,Memphis Grizzlies,,,
John Konchar,SF,Memphis Grizzlies,,,
Vince Williams Jr.,SF,Memphis Grizzlies,,,
Luke Kennard,SF,Memphis Grizzlies,,,
GG Jackson II,SF,Memphis Grizzlies,,,
Lamar Stevens,SF,Memphis Grizzlies,,,
Santi Aldama,SF,Memphis Grizzlies,,,
Jaylen Wells,SF,Memphis Grizzlies,Wrist,Out|Expected To Be Out Until At Least Oct 1,4/11/2025
Scotty Pippen Jr.,SG,Memphis Grizzlies,,,
Luke Kennard,SG,Memphis Grizzlies,,,
Desmond Bane,SG,Memphis Grizzlies,,,
Vince Williams Jr.,SG,Memphis Grizzlies,,,
John Konchar,SG,Memphis Grizzlies,,,
Jaylen Wells,SG,Memphis Grizzlies,Wrist,Out|Expected To Be Out Until At Least Oct 1,4/11/2025
Cam Spencer,SG,Memphis Grizzlies,,,
Zyon Pullin,SG,Memphis Grizzlies,Knee,Out|Expected To Be Out Until At Least Jul 2,4/23/2025
Jaxson Hayes,C,Los Angeles Lakers,,,
Dorian Finney-Smith,C,Los Angeles Lakers,Ankle,Out|Expected To Be Out Until At Least Oct 1,6/12/2025
Maxi Kleber,C,Los Angeles Lakers,,,
Alex Len,C,Los Angeles Lakers,,,
Jarred Vanderbilt,C,Los Angeles Lakers,,,
Markieff Morris,C,Los Angeles Lakers,,,
LeBron James,C,Los Angeles Lakers,,,
Trey Jemison,C,Los Angeles Lakers,,,
Christian Koloko,C,Los Angeles Lakers,,,
LeBron James,PF,Los Angeles Lakers,,,
Jarred Vanderbilt,PF,Los Angeles Lakers,,,
Dorian Finney-Smith,PF,Los Angeles Lakers,Ankle,Out|Expected To Be Out Until At Least Oct 1,6/12/2025
Rui Hachimura,PF,Los Angeles Lakers,,,
Maxi Kleber,PF,Los Angeles Lakers,,,
Markieff Morris,PF,Los Angeles Lakers,,,
Jaxson Hayes,PF,Los Angeles Lakers,,,
Luka Doncic,PG,Los Angeles Lakers,,,
Gabe Vincent,PG,Los Angeles Lakers,,,
Austin Reaves,PG,Los Angeles Lakers,,,
Shake Milton,PG,Los Angeles Lakers,,,
Jordan Goodwin,PG,Los Angeles Lakers,,,
Bronny James,PG,Los Angeles Lakers,,,
Rui Hachimura,SF,Los Angeles Lakers,,,
LeBron James,SF,Los Angeles Lakers,,,
Jordan Goodwin,SF,Los Angeles Lakers,,,
Dalton Knecht,SF,Los Angeles Lakers,,,
Dorian Finney-Smith,SF,Los Angeles Lakers,Ankle,Out|Expected To Be Out Until At Least Oct 1,6/12/2025
Austin Reaves,SF,Los Angeles Lakers,,,
Austin Reaves,SG,Los Angeles Lakers,,,
Jordan Goodwin,SG,Los Angeles Lakers,,,
Dalton Knecht,SG,Los Angeles Lakers,,,
Gabe Vincent,SG,Los Angeles Lakers,,,
Rui Hachimura,SG,Los Angeles Lakers,,,
Shake Milton,SG,Los Angeles Lakers,,,
Bronny James,SG,Los Angeles Lakers,,,
Isaiah Hartenstein,C,Oklahoma City Thunder,,,
Chet Holmgren,C,Oklahoma City Thunder,,,
Kenrich Williams,C,Oklahoma City Thunder,,,
Jaylin Williams,C,Oklahoma City Thunder,,,
Ousmane Dieng,C,Oklahoma City Thunder,,,
Jalen Williams,C,Oklahoma City Thunder,,,
Dillon Jones,C,Oklahoma City Thunder,,,
Branden Carlson,C,Oklahoma City Thunder,,,
Chet Holmgren,PF,Oklahoma City Thunder,,,
Aaron Wiggins,PF,Oklahoma City Thunder,,,
Kenrich Williams,PF,Oklahoma City Thunder,,,
Jalen Williams,PF,Oklahoma City Thunder,,,
Dillon Jones,PF,Oklahoma City Thunder,,,
Luguentz Dort,PF,Oklahoma City Thunder,,,
Ousmane Dieng,PF,Oklahoma City Thunder,,,
Alex Caruso,PF,Oklahoma City Thunder,,,
Shai Gilgeous-Alexander,PG,Oklahoma City Thunder,,,
Cason Wallace,PG,Oklahoma City Thunder,,,
Ajay Mitchell,PG,Oklahoma City Thunder,,,
Alex Caruso,PG,Oklahoma City Thunder,,,
Nikola Topic,PG,Oklahoma City Thunder,Knee,Out|Expected To Be Out Until At Least Jul 2,4/23/2025
Adam Flagler,PG,Oklahoma City Thunder,,,
Jalen Williams,SF,Oklahoma City Thunder,,,
Isaiah Joe,SF,Oklahoma City Thunder,,,
Aaron Wiggins,SF,Oklahoma City Thunder,,,
Luguentz Dort,SF,Oklahoma City Thunder,,,
Alex Caruso,SF,Oklahoma City Thunder,,,
Cason Wallace,SF,Oklahoma City Thunder,,,
Kenrich Williams,SF,Oklahoma City Thunder,,,
Dillon Jones,SF,Oklahoma City Thunder,,,
Alex Ducas,SF,Oklahoma City Thunder,,,
Ousmane Dieng,SF,Oklahoma City Thunder,,,
Luguentz Dort,SG,Oklahoma City Thunder,,,
Alex Caruso,SG,Oklahoma City Thunder,,,
Cason Wallace,SG,Oklahoma City Thunder,,,
Isaiah Joe,SG,Oklahoma City Thunder,,,
Aaron Wiggins,SG,Oklahoma City Thunder,,,
Ajay Mitchell,SG,Oklahoma City Thunder,,,
Jalen Williams,SG,Oklahoma City Thunder,,,
Shai Gilgeous-Alexander,SG,Oklahoma City Thunder,,,
Nikola Topic,SG,Oklahoma City Thunder,Knee,Out|Expected To Be Out Until At Least Jul 2,4/23/2025
Adam Flagler,SG,Oklahoma City Thunder,,,
Alex Ducas,SG,Oklahoma City Thunder,,,
Dereck Lively II,C,Dallas Mavericks,,,
Daniel Gafford,C,Dallas Mavericks,,,
Dwight Powell,C,Dallas Mavericks,,,
Anthony Davis,C,Dallas Mavericks,,,
PJ Washington,C,Dallas Mavericks,,,
Kai Jones,C,Dallas Mavericks,,,
Kessler Edwards,C,Dallas Mavericks,,,
Olivier-Maxence Prosper,C,Dallas Mavericks,Wrist,Out|Expected To Be Out Until At Least Oct 1,4/23/2025
Anthony Davis,PF,Dallas Mavericks,,,
Caleb Martin,PF,Dallas Mavericks,,,
PJ Washington,PF,Dallas Mavericks,,,
Naji Marshall,PF,Dallas Mavericks,,,
Klay Thompson,PF,Dallas Mavericks,,,
Kessler Edwards,PF,Dallas Mavericks,,,
Olivier-Maxence Prosper,PF,Dallas Mavericks,Wrist,Out|Expected To Be Out Until At Least Oct 1,4/23/2025
Klay Thompson,PG,Dallas Mavericks,,,
Brandon Williams,PG,Dallas Mavericks,,,
Spencer Dinwiddie,PG,Dallas Mavericks,,,
Jaden Hardy,PG,Dallas Mavericks,,,
Dante Exum,PG,Dallas Mavericks,,,
Kyrie Irving,PG,Dallas Mavericks,Knee,Out|Expected To Be Out Until At Least Jan 1,4/19/2025
PJ Washington,SF,Dallas Mavericks,,,
Dante Exum,SF,Dallas Mavericks,,,
Naji Marshall,SF,Dallas Mavericks,,,
Max Christie,SF,Dallas Mavericks,,,
Klay Thompson,SF,Dallas Mavericks,,,
Caleb Martin,SF,Dallas Mavericks,,,
Jaden Hardy,SF,Dallas Mavericks,,,
Kessler Edwards,SF,Dallas Mavericks,,,
Olivier-Maxence Prosper,SF,Dallas Mavericks,Wrist,Out|Expected To Be Out Until At Least Oct 1,4/23/2025
Naji Marshall,SG,Dallas Mavericks,,,
Max Christie,SG,Dallas Mavericks,,,
Dante Exum,SG,Dallas Mavericks,,,
Klay Thompson,SG,Dallas Mavericks,,,
Jaden Hardy,SG,Dallas Mavericks,,,
Brandon Williams,SG,Dallas Mavericks,,,
Spencer Dinwiddie,SG,Dallas Mavericks,,,
Kessler Edwards,SG,Dallas Mavericks,,,
Kyrie Irving,SG,Dallas Mavericks,Knee,Out|Expected To Be Out Until At Least Jan 1,4/19/2025
Alperen Sengun,C,Houston Rockets,,,
Steven Adams,C,Houston Rockets,,,
Jock Landale,C,Houston Rockets,Knee,Out|Expected To Be Out Until At Least Oct 1,5/5/2025
Jabari Smith,C,Houston Rockets,,,
Jeff Green,C,Houston Rockets,,,
N'Faly Dante,C,Houston Rockets,,,
Dillon Brooks,PF,Houston Rockets,,,
Jabari Smith,PF,Houston Rockets,,,
Tari Eason,PF,Houston Rockets,,,
Jeff Green,PF,Houston Rockets,,,
Jae'Sean Tate,PF,Houston Rockets,Ankle,Out|Expected To Be Out Until At Least Oct 1,5/5/2025
Alperen Sengun,PF,Houston Rockets,,,
Cam Whitmore,PF,Houston Rockets,,,
David Roddy,PF,Houston Rockets,,,
Fred VanVleet,PG,Houston Rockets,,,
Amen Thompson,PG,Houston Rockets,,,
Aaron Holiday,PG,Houston Rockets,,,
Reed Sheppard,PG,Houston Rockets,,,
Jalen Green,PG,Houston Rockets,,,
Jeenathan Williams,PG,Houston Rockets,,,
Amen Thompson,SF,Houston Rockets,,,
Tari Eason,SF,Houston Rockets,,,
Dillon Brooks,SF,Houston Rockets,,,
Cam Whitmore,SF,Houston Rockets,,,
Jae'Sean Tate,SF,Houston Rockets,Ankle,Out|Expected To Be Out Until At Least Oct 1,5/5/2025
Jeenathan Williams,SF,Houston Rockets,,,
Jalen Green,SF,Houston Rockets,,,
Jack McVeigh,SF,Houston Rockets,,,
David Roddy,SF,Houston Rockets,,,
Jalen Green,SG,Houston Rockets,,,
Dillon Brooks,SG,Houston Rockets,,,
Reed Sheppard,SG,Houston Rockets,,,
Aaron Holiday,SG,Houston Rockets,,,
Cam Whitmore,SG,Houston Rockets,,,
Amen Thompson,SG,Houston Rockets,,,
Jeenathan Williams,SG,Houston Rockets,,,
Jack McVeigh,SG,Houston Rockets,,,
Nikola Jokic,C,Denver Nuggets,,,
Aaron Gordon,C,Denver Nuggets,,,
DeAndre Jordan,C,Denver Nuggets,,,
Peyton Watson,C,Denver Nuggets,,,
Zeke Nnaji,C,Denver Nuggets,,,
Dario Saric,C,Denver Nuggets,,,
Vlatko Cancar,C,Denver Nuggets,,,
DaRon Holmes II,C,Denver Nuggets,Achilles,Out|Expected To Be Out Until At Least Jul 1,5/19/2025
PJ Hall,C,Denver Nuggets,,,
Aaron Gordon,PF,Denver Nuggets,,,
Peyton Watson,PF,Denver Nuggets,,,
Vlatko Cancar,PF,Denver Nuggets,,,
Zeke Nnaji,PF,Denver Nuggets,,,
Michael Porter Jr.,PF,Denver Nuggets,,,
Hunter Tyson,PF,Denver Nuggets,,,
Dario Saric,PF,Denver Nuggets,,,
Julian Strawther,PF,Denver Nuggets,,,
PJ Hall,PF,Denver Nuggets,,,
Jamal Murray,PG,Denver Nuggets,,,
Russell Westbrook,PG,Denver Nuggets,Hand,Out|Expected To Be Out Until At Least Oct 1,5/27/2025
Jalen Pickett,PG,Denver Nuggets,,,
Christian Braun,PG,Denver Nuggets,,,
Trey Alexander,PG,Denver Nuggets,,,
Michael Porter Jr.,SF,Denver Nuggets,,,
Christian Braun,SF,Denver Nuggets,,,
Peyton Watson,SF,Denver Nuggets,,,
Julian Strawther,SF,Denver Nuggets,,,
Hunter Tyson,SF,Denver Nuggets,,,
Spencer Jones,SF,Denver Nuggets,,,
Christian Braun,SG,Denver Nuggets,,,
Julian Strawther,SG,Denver Nuggets,,,
Jalen Pickett,SG,Denver Nuggets,,,
Jamal Murray,SG,Denver Nuggets,,,
Trey Alexander,SG,Denver Nuggets,,,
Spencer Jones,SG,Denver Nuggets,,,
Adem Bona,C,Philadelphia 76ers,,,
Guerschon Yabusele,C,Philadelphia 76ers,Knee,Out|Expected To Be Out Until At Least Oct 1,4/23/2025
Isaiah Mobley,C,Philadelphia 76ers,,,
Alex Reese,C,Philadelphia 76ers,,,
Andre Drummond,C,Philadelphia 76ers,Toe,Out|Expected To Be Out Until At Least Oct 1,4/23/2025
Joel Embiid,C,Philadelphia 76ers,Knee,Out|Expected To Be Out Until At Least Oct 1,4/23/2025
Guerschon Yabusele,PF,Philadelphia 76ers,Knee,Out|Expected To Be Out Until At Least Oct 1,4/23/2025
Ricky Council IV,PF,Philadelphia 76ers,,,
Marcus Bagley,PF,Philadelphia 76ers,,,
Justin Edwards,PF,Philadelphia 76ers,Ribs,Out|Expected To Be Out Until At Least Oct 1,4/23/2025
Alex Reese,PF,Philadelphia 76ers,,,
Isaiah Mobley,PF,Philadelphia 76ers,,,
Kelly Oubre Jr.,PF,Philadelphia 76ers,Knee,Out|Expected To Be Out Until At Least Oct 1,4/23/2025
Paul George,PF,Philadelphia 76ers,Groin,Out|Expected To Be Out Until At Least Oct 1,4/23/2025
Jared Butler,PG,Philadelphia 76ers,,,
Kyle Lowry,PG,Philadelphia 76ers,Hip,Out|Expected To Be Out Until At Least Oct 1,4/23/2025
Jeff Dowtin,PG,Philadelphia 76ers,,,
Quentin Grimes,PG,Philadelphia 76ers,,,
Jalen Hood-Schifino,PG,Philadelphia 76ers,,,
Tyrese Maxey,PG,Philadelphia 76ers,Finger,Out|Expected To Be Out Until At Least Oct 1,4/23/2025
Jared McCain,PG,Philadelphia 76ers,Knee,Out|Expected To Be Out Until At Least Oct 1,4/23/2025
Kelly Oubre Jr.,SF,Philadelphia 76ers,Knee,Out|Expected To Be Out Until At Least Oct 1,4/23/2025
Justin Edwards,SF,Philadelphia 76ers,Ribs,Out|Expected To Be Out Until At Least Oct 1,4/23/2025
Lonnie Walker IV,SF,Philadelphia 76ers,,,
Ricky Council IV,SF,Philadelphia 76ers,,,
Marcus Bagley,SF,Philadelphia 76ers,,,
Quentin Grimes,SF,Philadelphia 76ers,,,
Paul George,SF,Philadelphia 76ers,Groin,Out|Expected To Be Out Until At Least Oct 1,4/23/2025
Eric Gordon,SF,Philadelphia 76ers,Wrist,Out|Expected To Be Out Until At Least Oct 1,4/23/2025
Quentin Grimes,SG,Philadelphia 76ers,,,
Lonnie Walker IV,SG,Philadelphia 76ers,,,
Kelly Oubre Jr.,SG,Philadelphia 76ers,Knee,Out|Expected To Be Out Until At Least Oct 1,4/23/2025
Kyle Lowry,SG,Philadelphia 76ers,Hip,Out|Expected To Be Out Until At Least Oct 1,4/23/2025
Jared Butler,SG,Philadelphia 76ers,,,
Jeff Dowtin,SG,Philadelphia 76ers,,,
Ricky Council IV,SG,Philadelphia 76ers,,,
Jalen Hood-Schifino,SG,Philadelphia 76ers,,,
Jared McCain,SG,Philadelphia 76ers,Knee,Out|Expected To Be Out Until At Least Oct 1,4/23/2025
Paul George,SG,Philadelphia 76ers,Groin,Out|Expected To Be Out Until At Least Oct 1,4/23/2025
Eric Gordon,SG,Philadelphia 76ers,Wrist,Out|Expected To Be Out Until At Least Oct 1,4/23/2025
Nicolas Claxton,C,Brooklyn Nets,,,
Day'Ron Sharpe,C,Brooklyn Nets,Knee,Out|Expected To Be Out Until At Least Oct 1,4/23/2025
Drew Timme,C,Brooklyn Nets,,,
Trendon Watford,C,Brooklyn Nets,,,
Noah Clowney,C,Brooklyn Nets,Ankle,Out|Expected To Be Out Until At Least Oct 1,4/23/2025
Cameron Johnson,PF,Brooklyn Nets,Back,Out|Expected To Be Out Until At Least Oct 1,4/23/2025
Trendon Watford,PF,Brooklyn Nets,,,
Tosan Evbuomwan,PF,Brooklyn Nets,,,
Jalen Wilson,PF,Brooklyn Nets,,,
Drew Timme,PF,Brooklyn Nets,,,
Maxwell Lewis,PF,Brooklyn Nets,,,
Ziaire Williams,PF,Brooklyn Nets,Knee,Out|Expected To Be Out Until At Least Oct 1,4/23/2025
Dariq Whitehead,PF,Brooklyn Nets,,,
Noah Clowney,PF,Brooklyn Nets,Ankle,Out|Expected To Be Out Until At Least Oct 1,4/23/2025
D'Angelo Russell,PG,Brooklyn Nets,Ankle,Out|Expected To Be Out Until At Least Oct 1,4/23/2025
Keon Johnson,PG,Brooklyn Nets,,,
Reece Beekman,PG,Brooklyn Nets,Calf,Out|Expected To Be Out Until At Least Oct 1,4/23/2025
Tyson Etienne,PG,Brooklyn Nets,,,
Cameron Thomas,PG,Brooklyn Nets,Hamstring,Out|Expected To Be Out Until At Least Oct 1,4/23/2025
De'Anthony Melton,PG,Brooklyn Nets,Knee,Out|Expected To Be Out Until At Least Oct 1,4/23/2025
Ziaire Williams,SF,Brooklyn Nets,Knee,Out|Expected To Be Out Until At Least Oct 1,4/23/2025
Maxwell Lewis,SF,Brooklyn Nets,,,
Tosan Evbuomwan,SF,Brooklyn Nets,,,
Jalen Wilson,SF,Brooklyn Nets,,,
Cameron Johnson,SF,Brooklyn Nets,Back,Out|Expected To Be Out Until At Least Oct 1,4/23/2025
Dariq Whitehead,SF,Brooklyn Nets,,,
Tyrese Martin,SF,Brooklyn Nets,,,
Noah Clowney,SF,Brooklyn Nets,Ankle,Out|Expected To Be Out Until At Least Oct 1,4/23/2025
Cameron Thomas,SF,Brooklyn Nets,Hamstring,Out|Expected To Be Out Until At Least Oct 1,4/23/2025
De'Anthony Melton,SF,Brooklyn Nets,Knee,Out|Expected To Be Out Until At Least Oct 1,4/23/2025
Keon Johnson,SG,Brooklyn Nets,,,
Dariq Whitehead,SG,Brooklyn Nets,,,
Tyrese Martin,SG,Brooklyn Nets,,,
Jalen Wilson,SG,Brooklyn Nets,,,
Ziaire Williams,SG,Brooklyn Nets,Knee,Out|Expected To Be Out Until At Least Oct 1,4/23/2025
D'Angelo Russell,SG,Brooklyn Nets,Ankle,Out|Expected To Be Out Until At Least Oct 1,4/23/2025
Tyson Etienne,SG,Brooklyn Nets,,,
Tosan Evbuomwan,SG,Brooklyn Nets,,,
Cameron Thomas,SG,Brooklyn Nets,Hamstring,Out|Expected To Be Out Until At Least Oct 1,4/23/2025
De'Anthony Melton,SG,Brooklyn Nets,Knee,Out|Expected To Be Out Until At Least Oct 1,4/23/2025
Domantas Sabonis,C,Sacramento Kings,,,
Jonas Valanciunas,C,Sacramento Kings,,,
Trey Lyles,C,Sacramento Kings,,,
Isaac Jones,C,Sacramento Kings,,,
Jae Crowder,C,Sacramento Kings,,,
Keegan Murray,PF,Sacramento Kings,,,
Trey Lyles,PF,Sacramento Kings,,,
Jake LaRavia,PF,Sacramento Kings,Thumb,Out|Expected To Be Out Until At Least Oct 1,4/23/2025
Isaac Jones,PF,Sacramento Kings,,,
Doug McDermott,PF,Sacramento Kings,,,
DeMar DeRozan,PF,Sacramento Kings,,,
Jae Crowder,PF,Sacramento Kings,,,
Isaiah Crawford,PF,Sacramento Kings,,,
Keon Ellis,PG,Sacramento Kings,,,
Devin Carter,PG,Sacramento Kings,,,
Markelle Fultz,PG,Sacramento Kings,,,
Malik Monk,PG,Sacramento Kings,Calf,Out|Expected To Be Out Until At Least Oct 1,4/23/2025
DeMar DeRozan,SF,Sacramento Kings,,,
Jake LaRavia,SF,Sacramento Kings,Thumb,Out|Expected To Be Out Until At Least Oct 1,4/23/2025
Doug McDermott,SF,Sacramento Kings,,,
Zach LaVine,SF,Sacramento Kings,,,
Keegan Murray,SF,Sacramento Kings,,,
Terence Davis,SF,Sacramento Kings,,,
Keon Ellis,SF,Sacramento Kings,,,
Jae Crowder,SF,Sacramento Kings,,,
Malik Monk,SF,Sacramento Kings,Calf,Out|Expected To Be Out Until At Least Oct 1,4/23/2025
Mason Jones,SF,Sacramento Kings,,,
Isaiah Crawford,SF,Sacramento Kings,,,
Zach LaVine,SG,Sacramento Kings,,,
Keon Ellis,SG,Sacramento Kings,,,
Devin Carter,SG,Sacramento Kings,,,
Terence Davis,SG,Sacramento Kings,,,
Doug McDermott,SG,Sacramento Kings,,,
Malik Monk,SG,Sacramento Kings,Calf,Out|Expected To Be Out Until At Least Oct 1,4/23/2025
Mason Jones,SG,Sacramento Kings,,,
Kel'el Ware,C,Miami Heat,,,
Bam Adebayo,C,Miami Heat,,,
Nikola Jovic,C,Miami Heat,,,
Kevin Love,C,Miami Heat,,,
Bam Adebayo,PF,Miami Heat,,,
Nikola Jovic,PF,Miami Heat,,,
Haywood Highsmith,PF,Miami Heat,,,
Kyle Anderson,PF,Miami Heat,,,
Andrew Wiggins,PF,Miami Heat,,,
Jaime Jaquez Jr.,PF,Miami Heat,,,
Kevin Love,PF,Miami Heat,,,
Duncan Robinson,PF,Miami Heat,,,
Keshad Johnson,PF,Miami Heat,,,
Tyler Herro,PG,Miami Heat,,,
Davion Mitchell,PG,Miami Heat,,,
Terry Rozier,PG,Miami Heat,Ankle,Out|Expected To Be Out Until At Least Oct 1,5/1/2025
Alec Burks,PG,Miami Heat,,,
Duncan Robinson,PG,Miami Heat,,,
Dru Smith,PG,Miami Heat,Achilles,Out|Expected To Be Out Until At Least Oct 1,12/24/2025
Isaiah Stevens,PG,Miami Heat,Foot,Out|Expected To Be Out Until At Least Jul 2,4/29/2025
Josh Christopher,PG,Miami Heat,,,
Andrew Wiggins,SF,Miami Heat,,,
Haywood Highsmith,SF,Miami Heat,,,
Pelle Larsson,SF,Miami Heat,,,
Duncan Robinson,SF,Miami Heat,,,
Jaime Jaquez Jr.,SF,Miami Heat,,,
Alec Burks,SF,Miami Heat,,,
Kyle Anderson,SF,Miami Heat,,,
Keshad Johnson,SF,Miami Heat,,,
Josh Christopher,SF,Miami Heat,,,
Davion Mitchell,SG,Miami Heat,,,
Duncan Robinson,SG,Miami Heat,,,
Pelle Larsson,SG,Miami Heat,,,
Alec Burks,SG,Miami Heat,,,
Jaime Jaquez Jr.,SG,Miami Heat,,,
Terry Rozier,SG,Miami Heat,Ankle,Out|Expected To Be Out Until At Least Oct 1,5/1/2025
Tyler Herro,SG,Miami Heat,,,
Dru Smith,SG,Miami Heat,Achilles,Out|Expected To Be Out Until At Least Oct 1,12/24/2025
Josh Christopher,SG,Miami Heat,,,
Draymond Green,C,Golden State Warriors,,,
Kevon Looney,C,Golden State Warriors,,,
Trayce Jackson-Davis,C,Golden State Warriors,,,
Quinten Post,C,Golden State Warriors,,,
Jimmy Butler,PF,Golden State Warriors,,,
Jonathan Kuminga,PF,Golden State Warriors,,,
Draymond Green,PF,Golden State Warriors,,,
Gui Santos,PF,Golden State Warriors,,,
Moses Moody,PF,Golden State Warriors,Thumb,Out|Expected To Be Out Until At Least Oct 1,5/22/2025
Kevin Knox,PF,Golden State Warriors,,,
Braxton Key,PF,Golden State Warriors,,,
Jackson Rowe,PF,Golden State Warriors,,,
Stephen Curry,PG,Golden State Warriors,Hamstring,Out|Expected To Be Out Until At Least Oct 1,5/15/2025
Brandin Podziemski,PG,Golden State Warriors,Wrist,Out|Expected To Be Out Until At Least Oct 1,5/28/2025
Pat Spencer,PG,Golden State Warriors,,,
Moses Moody,PG,Golden State Warriors,Thumb,Out|Expected To Be Out Until At Least Oct 1,5/22/2025
Taran Armstrong,PG,Golden State Warriors,,,
Buddy Hield,SF,Golden State Warriors,,,
Gary Payton II,SF,Golden State Warriors,,,
Moses Moody,SF,Golden State Warriors,Thumb,Out|Expected To Be Out Until At Least Oct 1,5/22/2025
Gui Santos,SF,Golden State Warriors,,,
Jimmy Butler,SF,Golden State Warriors,,,
Kevin Knox,SF,Golden State Warriors,,,
Jonathan Kuminga,SF,Golden State Warriors,,,
Braxton Key,SF,Golden State Warriors,,,
Jackson Rowe,SF,Golden State Warriors,,,
Brandin Podziemski,SG,Golden State Warriors,Wrist,Out|Expected To Be Out Until At Least Oct 1,5/28/2025
Moses Moody,SG,Golden State Warriors,Thumb,Out|Expected To Be Out Until At Least Oct 1,5/22/2025
Gary Payton II,SG,Golden State Warriors,,,
Buddy Hield,SG,Golden State Warriors,,,
Pat Spencer,SG,Golden State Warriors,,,
Gui Santos,SG,Golden State Warriors,,,
Taran Armstrong,SG,Golden State Warriors,,,
Nikola Vucevic,C,Chicago Bulls,,,
Zach Collins,C,Chicago Bulls,,,
Jalen Smith,C,Chicago Bulls,,,
E.J. Liddell,C,Chicago Bulls,,,
Matas Buzelis,PF,Chicago Bulls,,,
Patrick Williams,PF,Chicago Bulls,,,
Julian Phillips,PF,Chicago Bulls,,,
Dalen Terry,PF,Chicago Bulls,,,
Zach Collins,PF,Chicago Bulls,,,
Talen Horton-Tucker,PF,Chicago Bulls,,,
Jalen Smith,PF,Chicago Bulls,,,
Emanuel Miller,PF,Chicago Bulls,,,
E.J. Liddell,PF,Chicago Bulls,,,
Ayo Dosunmu,PF,Chicago Bulls,Shoulder,Out|Expected To Be Out Until At Least Oct 1,4/23/2025
Josh Giddey,PG,Chicago Bulls,,,
Tre Jones,PG,Chicago Bulls,Foot,Out|Expected To Be Out Until At Least Oct 1,4/23/2025
Coby White,PG,Chicago Bulls,,,
Jevon Carter,PG,Chicago Bulls,,,
Talen Horton-Tucker,PG,Chicago Bulls,,,
Lonzo Ball,PG,Chicago Bulls,Wrist,Out|Expected To Be Out Until At Least Oct 1,4/23/2025
Jahmir Young,PG,Chicago Bulls,,,
Ayo Dosunmu,PG,Chicago Bulls,Shoulder,Out|Expected To Be Out Until At Least Oct 1,4/23/2025
Coby White,SF,Chicago Bulls,,,
Dalen Terry,SF,Chicago Bulls,,,
Julian Phillips,SF,Chicago Bulls,,,
Kevin Huerter,SF,Chicago Bulls,,,
Josh Giddey,SF,Chicago Bulls,,,
Patrick Williams,SF,Chicago Bulls,,,
Talen Horton-Tucker,SF,Chicago Bulls,,,
Matas Buzelis,SF,Chicago Bulls,,,
Emanuel Miller,SF,Chicago Bulls,,,
Ayo Dosunmu,SF,Chicago Bulls,Shoulder,Out|Expected To Be Out Until At Least Oct 1,4/23/2025
Lonzo Ball,SG,Chicago Bulls,Wrist,Out|Expected To Be Out Until At Least Oct 1,4/23/2025
Kevin Huerter,SG,Chicago Bulls,,,
Coby White,SG,Chicago Bulls,,,
Dalen Terry,SG,Chicago Bulls,,,
Talen Horton-Tucker,SG,Chicago Bulls,,,
Jevon Carter,SG,Chicago Bulls,,,
Ayo Dosunmu,SG,Chicago Bulls,Shoulder,Out|Expected To Be Out Until At Least Oct 1,4/23/2025
Ivica Zubac,C,Los Angeles Clippers,,,
Ben Simmons,C,Los Angeles Clippers,,,
Nicolas Batum,C,Los Angeles Clippers,,,
Drew Eubanks,C,Los Angeles Clippers,,,
Kobe Brown,C,Los Angeles Clippers,,,
Kawhi Leonard,C,Los Angeles Clippers,,,
Kawhi Leonard,PF,Los Angeles Clippers,,,
Nicolas Batum,PF,Los Angeles Clippers,,,
Derrick Jones Jr.,PF,Los Angeles Clippers,,,
Amir Coffey,PF,Los Angeles Clippers,,,
Kobe Brown,PF,Los Angeles Clippers,,,
Ben Simmons,PF,Los Angeles Clippers,,,
Patrick Baldwin Jr.,PF,Los Angeles Clippers,,,
James Harden,PG,Los Angeles Clippers,,,
Kris Dunn,PG,Los Angeles Clippers,,,
Ben Simmons,PG,Los Angeles Clippers,,,
Patty Mills,PG,Los Angeles Clippers,,,
Norman Powell,PG,Los Angeles Clippers,,,
Norman Powell,SF,Los Angeles Clippers,,,
Derrick Jones Jr.,SF,Los Angeles Clippers,,,
Amir Coffey,SF,Los Angeles Clippers,,,
Bogdan Bogdanovic,SF,Los Angeles Clippers,,,
Kawhi Leonard,SF,Los Angeles Clippers,,,
Jordan Miller,SF,Los Angeles Clippers,,,
Kris Dunn,SF,Los Angeles Clippers,,,
Nicolas Batum,SF,Los Angeles Clippers,,,
Kobe Brown,SF,Los Angeles Clippers,,,
Cam Christie,SF,Los Angeles Clippers,,,
Trentyn Flowers,SF,Los Angeles Clippers,,,
Patrick Baldwin Jr.,SF,Los Angeles Clippers,,,
Seth Lundy,SF,Los Angeles Clippers,Ankle,Out|Expected To Be Out Until At Least Jul 2,5/4/2025
Kris Dunn,SG,Los Angeles Clippers,,,
Bogdan Bogdanovic,SG,Los Angeles Clippers,,,
Norman Powell,SG,Los Angeles Clippers,,,
Amir Coffey,SG,Los Angeles Clippers,,,
Jordan Miller,SG,Los Angeles Clippers,,,
James Harden,SG,Los Angeles Clippers,,,
Cam Christie,SG,Los Angeles Clippers,,,
Patty Mills,SG,Los Angeles Clippers,,,
Trentyn Flowers,SG,Los Angeles Clippers,,,
Seth Lundy,SG,Los Angeles Clippers,Ankle,Out|Expected To Be Out Until At Least Jul 2,5/4/2025
Nick Richards,C,Phoenix Suns,Elbow,Out|Expected To Be Out Until At Least Oct 1,4/23/2025
Oso Ighodaro,C,Phoenix Suns,,,
Mason Plumlee,C,Phoenix Suns,,,
Bol Bol,C,Phoenix Suns,,,
Kevin Durant,C,Phoenix Suns,Ankle,Out|Expected To Be Out Until At Least Oct 1,4/23/2025
Ryan Dunn,PF,Phoenix Suns,,,
Royce O'Neale,PF,Phoenix Suns,,,
Cody Martin,PF,Phoenix Suns,,,
Bol Bol,PF,Phoenix Suns,,,
Oso Ighodaro,PF,Phoenix Suns,,,
Jalen Bridges,PF,Phoenix Suns,,,
Mason Plumlee,PF,Phoenix Suns,,,
Kevin Durant,PF,Phoenix Suns,Ankle,Out|Expected To Be Out Until At Least Oct 1,4/23/2025
Devin Booker,PG,Phoenix Suns,Calf,Out|Expected To Be Out Until At Least Oct 1,4/23/2025
Tyus Jones,PG,Phoenix Suns,,,
Collin Gillespie,PG,Phoenix Suns,,,
TyTy Washington Jr.,PG,Phoenix Suns,,,
Monte Morris,PG,Phoenix Suns,,,
Vasilije Micic,PG,Phoenix Suns,,,
Bradley Beal,PG,Phoenix Suns,,,
Grayson Allen,PG,Phoenix Suns,,,
Grayson Allen,SF,Phoenix Suns,,,
Cody Martin,SF,Phoenix Suns,,,
Ryan Dunn,SF,Phoenix Suns,,,
Royce O'Neale,SF,Phoenix Suns,,,
Bradley Beal,SF,Phoenix Suns,,,
Damion Lee,SF,Phoenix Suns,,,
Jalen Bridges,SF,Phoenix Suns,,,
Kevin Durant,SF,Phoenix Suns,Ankle,Out|Expected To Be Out Until At Least Oct 1,4/23/2025
Bradley Beal,SG,Phoenix Suns,,,
Collin Gillespie,SG,Phoenix Suns,,,
Grayson Allen,SG,Phoenix Suns,,,
Devin Booker,SG,Phoenix Suns,Calf,Out|Expected To Be Out Until At Least Oct 1,4/23/2025
Cody Martin,SG,Phoenix Suns,,,
Damion Lee,SG,Phoenix Suns,,,
Ryan Dunn,SG,Phoenix Suns,,,
Vasilije Micic,SG,Phoenix Suns,,,
Royce O'Neale,SG,Phoenix Suns,,,
Brook Lopez,C,Milwaukee Bucks,,,
Jericho Sims,C,Milwaukee Bucks,,,
Bobby Portis,C,Milwaukee Bucks,,,
Giannis Antetokounmpo,C,Milwaukee Bucks,,,
Chris Livingston,C,Milwaukee Bucks,,,
Tyler Smith,C,Milwaukee Bucks,Ankle,Out|Expected To Be Out Until At Least Jul 2,4/29/2025
Pete Nance,C,Milwaukee Bucks,,,
Giannis Antetokounmpo,PF,Milwaukee Bucks,,,
Bobby Portis,PF,Milwaukee Bucks,,,
Kyle Kuzma,PF,Milwaukee Bucks,,,
Taurean Prince,PF,Milwaukee Bucks,,,
Pat Connaughton,PF,Milwaukee Bucks,,,
Tyler Smith,PF,Milwaukee Bucks,Ankle,Out|Expected To Be Out Until At Least Jul 2,4/29/2025
Chris Livingston,PF,Milwaukee Bucks,,,
Pete Nance,PF,Milwaukee Bucks,,,
Kevin Porter Jr.,PG,Milwaukee Bucks,,,
Ryan Rollins,PG,Milwaukee Bucks,,,
AJ Green,PG,Milwaukee Bucks,,,
Andre Jackson Jr.,PG,Milwaukee Bucks,,,
Jamaree Bouyea,PG,Milwaukee Bucks,,,
Damian Lillard,PG,Milwaukee Bucks,Achilles,Out|Expected To Be Out Until At Least Feb 1,5/16/2025
Kyle Kuzma,SF,Milwaukee Bucks,,,
Taurean Prince,SF,Milwaukee Bucks,,,
Gary Trent Jr.,SF,Milwaukee Bucks,,,
Andre Jackson Jr.,SF,Milwaukee Bucks,,,
Pat Connaughton,SF,Milwaukee Bucks,,,
Chris Livingston,SF,Milwaukee Bucks,,,
Tyler Smith,SF,Milwaukee Bucks,Ankle,Out|Expected To Be Out Until At Least Jul 2,4/29/2025
Giannis Antetokounmpo,SF,Milwaukee Bucks,,,
Stanley Umude,SF,Milwaukee Bucks,,,
Gary Trent Jr.,SG,Milwaukee Bucks,,,
AJ Green,SG,Milwaukee Bucks,,,
Taurean Prince,SG,Milwaukee Bucks,,,
Andre Jackson Jr.,SG,Milwaukee Bucks,,,
Kevin Porter Jr.,SG,Milwaukee Bucks,,,
Ryan Rollins,SG,Milwaukee Bucks,,,
Pat Connaughton,SG,Milwaukee Bucks,,,
Stanley Umude,SG,Milwaukee Bucks,,,
Jamaree Bouyea,SG,Milwaukee Bucks,,,
Jalen Duren,C,Detroit Pistons,,,
Isaiah Stewart,C,Detroit Pistons,Knee,Out|Expected To Be Out Until At Least Oct 1,5/2/2025
Paul Reed,C,Detroit Pistons,,,
Tolu Smith III,C,Detroit Pistons,,,
Tobias Harris,PF,Detroit Pistons,,,
Simone Fontecchio,PF,Detroit Pistons,,,
Lindy Waters III,PF,Detroit Pistons,,,
Ausar Thompson,PF,Detroit Pistons,,,
Ron Holland II,PF,Detroit Pistons,,,
Bobi Klintman,PF,Detroit Pistons,,,
Isaiah Stewart,PF,Detroit Pistons,Knee,Out|Expected To Be Out Until At Least Oct 1,5/2/2025
Tim Hardaway Jr.,PF,Detroit Pistons,,,
Ron Harper Jr.,PF,Detroit Pistons,,,
Cade Cunningham,PG,Detroit Pistons,,,
Dennis Schroder,PG,Detroit Pistons,,,
Marcus Sasser,PG,Detroit Pistons,,,
Jaden Ivey,PG,Detroit Pistons,Lower Leg,Out|Expected To Be Out Until At Least Oct 1,5/2/2025
Daniss Jenkins,PG,Detroit Pistons,,,
Ausar Thompson,SF,Detroit Pistons,,,
Ron Holland II,SF,Detroit Pistons,,,
Tim Hardaway Jr.,SF,Detroit Pistons,,,
Malik Beasley,SF,Detroit Pistons,,,
Simone Fontecchio,SF,Detroit Pistons,,,
Lindy Waters III,SF,Detroit Pistons,,,
Tobias Harris,SF,Detroit Pistons,,,
Bobi Klintman,SF,Detroit Pistons,,,
Cade Cunningham,SF,Detroit Pistons,,,
Ron Harper Jr.,SF,Detroit Pistons,,,
Tim Hardaway Jr.,SG,Detroit Pistons,,,
Malik Beasley,SG,Detroit Pistons,,,
Marcus Sasser,SG,Detroit Pistons,,,
Dennis Schroder,SG,Detroit Pistons,,,
Lindy Waters III,SG,Detroit Pistons,,,
Cade Cunningham,SG,Detroit Pistons,,,
Jaden Ivey,SG,Detroit Pistons,Lower Leg,Out|Expected To Be Out Until At Least Oct 1,5/2/2025
Daniss Jenkins,SG,Detroit Pistons,,,
Mark Williams,C,Charlotte Hornets,,,
Jusuf Nurkic,C,Charlotte Hornets,,,
Moussa Diabate,C,Charlotte Hornets,,,
Taj Gibson,C,Charlotte Hornets,,,
Tidjane Salauen,C,Charlotte Hornets,,,
DaQuan Jeffries,C,Charlotte Hornets,,,
Grant Williams,C,Charlotte Hornets,Knee,Out|Expected To Be Out Until At Least Oct 1,4/23/2025
Miles Bridges,PF,Charlotte Hornets,Hip,Out|Expected To Be Out Until At Least Oct 1,4/23/2025
Tidjane Salauen,PF,Charlotte Hornets,,,
Wendell Moore Jr.,PF,Charlotte Hornets,,,
DaQuan Jeffries,PF,Charlotte Hornets,,,
Josh Green,PF,Charlotte Hornets,Shoulder,Out|Expected To Be Out Until At Least Oct 1,4/23/2025
Moussa Diabate,PF,Charlotte Hornets,,,
Josh Okogie,PF,Charlotte Hornets,,,
Brandon Miller,PF,Charlotte Hornets,Wrist,Out|Expected To Be Out Until At Least Oct 1,4/23/2025
Grant Williams,PF,Charlotte Hornets,Knee,Out|Expected To Be Out Until At Least Oct 1,4/23/2025
KJ Simpson,PG,Charlotte Hornets,,,
Damion Baugh,PG,Charlotte Hornets,,,
Jaylen Sims,PG,Charlotte Hornets,,,
Nick Smith Jr.,PG,Charlotte Hornets,Groin,Out|Expected To Be Out Until At Least Oct 1,4/23/2025
Wendell Moore Jr.,PG,Charlotte Hornets,,,
LaMelo Ball,PG,Charlotte Hornets,Ankle,Out|Expected To Be Out Until At Least Oct 1,4/23/2025
Tre Mann,PG,Charlotte Hornets,Back,Out|Expected To Be Out Until At Least Oct 1,4/23/2025
Josh Green,SF,Charlotte Hornets,Shoulder,Out|Expected To Be Out Until At Least Oct 1,4/23/2025
DaQuan Jeffries,SF,Charlotte Hornets,,,
Josh Okogie,SF,Charlotte Hornets,,,
Wendell Moore Jr.,SF,Charlotte Hornets,,,
Nick Smith Jr.,SF,Charlotte Hornets,Groin,Out|Expected To Be Out Until At Least Oct 1,4/23/2025
Tidjane Salauen,SF,Charlotte Hornets,,,
Miles Bridges,SF,Charlotte Hornets,Hip,Out|Expected To Be Out Until At Least Oct 1,4/23/2025
Seth Curry,SF,Charlotte Hornets,,,
Brandon Miller,SF,Charlotte Hornets,Wrist,Out|Expected To Be Out Until At Least Oct 1,4/23/2025
Nick Smith Jr.,SG,Charlotte Hornets,Groin,Out|Expected To Be Out Until At Least Oct 1,4/23/2025
Seth Curry,SG,Charlotte Hornets,,,
Josh Green,SG,Charlotte Hornets,Shoulder,Out|Expected To Be Out Until At Least Oct 1,4/23/2025
Josh Okogie,SG,Charlotte Hornets,,,
Damion Baugh,SG,Charlotte Hornets,,,
Wendell Moore Jr.,SG,Charlotte Hornets,,,
Jaylen Sims,SG,Charlotte Hornets,,,
DaQuan Jeffries,SG,Charlotte Hornets,,,
Brandon Miller,SG,Charlotte Hornets,Wrist,Out|Expected To Be Out Until At Least Oct 1,4/23/2025
Tre Mann,SG,Charlotte Hornets,Back,Out|Expected To Be Out Until At Least Oct 1,4/23/2025
Jeremy Sochan,C,San Antonio Spurs,Back,Out|Expected To Be Out Until At Least Oct 1,4/23/2025
Bismack Biyombo,C,San Antonio Spurs,,,
Charles Bassey,C,San Antonio Spurs,,,
Sandro Mamukelashvili,C,San Antonio Spurs,,,
Victor Wembanyama,C,San Antonio Spurs,Shoulder,Out|Expected To Be Out Until At Least Oct 1,4/23/2025
Harrison Barnes,PF,San Antonio Spurs,,,
Sandro Mamukelashvili,PF,San Antonio Spurs,,,
Jeremy Sochan,PF,San Antonio Spurs,Back,Out|Expected To Be Out Until At Least Oct 1,4/23/2025
Keldon Johnson,PF,San Antonio Spurs,,,
Julian Champagnie,PF,San Antonio Spurs,,,
Harrison Ingram,PF,San Antonio Spurs,,,
Riley Minix,PF,San Antonio Spurs,Shoulder,Out|Expected To Be Out Until At Least Jul 1,4/23/2025
Chris Paul,PG,San Antonio Spurs,,,
Blake Wesley,PG,San Antonio Spurs,,,
Stephon Castle,PG,San Antonio Spurs,,,
Jordan McLaughlin,PG,San Antonio Spurs,,,
Malaki Branham,PG,San Antonio Spurs,,,
Jeremy Sochan,PG,San Antonio Spurs,Back,Out|Expected To Be Out Until At Least Oct 1,4/23/2025
David Duke Jr,PG,San Antonio Spurs,,,
Devin Vassell,PG,San Antonio Spurs,Ankle,Out|Expected To Be Out Until At Least Oct 1,4/23/2025
De'Aaron Fox,PG,San Antonio Spurs,Finger,Out|Expected To Be Out Until At Least Oct 1,4/23/2025
Devin Vassell,SF,San Antonio Spurs,Ankle,Out|Expected To Be Out Until At Least Oct 1,4/23/2025
Keldon Johnson,SF,San Antonio Spurs,,,
Julian Champagnie,SF,San Antonio Spurs,,,
Harrison Barnes,SF,San Antonio Spurs,,,
Malaki Branham,SF,San Antonio Spurs,,,
Stephon Castle,SF,San Antonio Spurs,,,
Harrison Ingram,SF,San Antonio Spurs,,,
David Duke Jr,SF,San Antonio Spurs,,,
Riley Minix,SF,San Antonio Spurs,Shoulder,Out|Expected To Be Out Until At Least Jul 1,4/23/2025
Stephon Castle,SG,San Antonio Spurs,,,
Julian Champagnie,SG,San Antonio Spurs,,,
Devin Vassell,SG,San Antonio Spurs,Ankle,Out|Expected To Be Out Until At Least Oct 1,4/23/2025
Malaki Branham,SG,San Antonio Spurs,,,
Blake Wesley,SG,San Antonio Spurs,,,
Jordan McLaughlin,SG,San Antonio Spurs,,,
David Duke Jr,SG,San Antonio Spurs,,,
De'Aaron Fox,SG,San Antonio Spurs,Finger,Out|Expected To Be Out Until At Least Oct 1,4/23/2025
Alex Sarr,C,Washington Wizards,,,
Tristan Vukcevic,C,Washington Wizards,,,
Richaun Holmes,C,Washington Wizards,Shoulder,Out|Expected To Be Out Until At Least Oct 1,4/23/2025
Anthony Gill,C,Washington Wizards,Hamstring,Out|Expected To Be Out Until At Least Oct 1,4/23/2025
Kyshawn George,PF,Washington Wizards,,,
Anthony Gill,PF,Washington Wizards,Hamstring,Out|Expected To Be Out Until At Least Oct 1,4/23/2025
JT Thor,PF,Washington Wizards,Knee,Out|Expected To Be Out Until At Least Oct 1,4/23/2025
Justin Champagnie,PF,Washington Wizards,,,
Tristan Vukcevic,PF,Washington Wizards,,,
Alex Sarr,PF,Washington Wizards,,,
Saddiq Bey,PF,Washington Wizards,Knee,Out|Expected To Be Out Until At Least Oct 1,4/23/2025
Khris Middleton,PF,Washington Wizards,Knee,Out|Expected To Be Out Until At Least Oct 1,4/23/2025
Bilal Coulibaly,PF,Washington Wizards,Hamstring,Out|Expected To Be Out Until At Least Oct 1,4/23/2025
Corey Kispert,PF,Washington Wizards,Thumb,Out|Expected To Be Out Until At Least Oct 1,4/23/2025
Carlton Carrington,PG,Washington Wizards,,,
Marcus Smart,PG,Washington Wizards,,,
Jordan Poole,PG,Washington Wizards,Elbow,Out|Expected To Be Out Until At Least Oct 1,4/23/2025
AJ Johnson,PG,Washington Wizards,,,
Malcolm Brogdon,PG,Washington Wizards,Ankle,Out|Expected To Be Out Until At Least Oct 1,4/23/2025
Justin Champagnie,SF,Washington Wizards,,,
Colby Jones,SF,Washington Wizards,,,
Kyshawn George,SF,Washington Wizards,,,
Marcus Smart,SF,Washington Wizards,,,
JT Thor,SF,Washington Wizards,Knee,Out|Expected To Be Out Until At Least Oct 1,4/23/2025
Jaylen Martin,SF,Washington Wizards,,,
Saddiq Bey,SF,Washington Wizards,Knee,Out|Expected To Be Out Until At Least Oct 1,4/23/2025
Khris Middleton,SF,Washington Wizards,Knee,Out|Expected To Be Out Until At Least Oct 1,4/23/2025
Bilal Coulibaly,SF,Washington Wizards,Hamstring,Out|Expected To Be Out Until At Least Oct 1,4/23/2025
Corey Kispert,SF,Washington Wizards,Thumb,Out|Expected To Be Out Until At Least Oct 1,4/23/2025
Jordan Poole,SG,Washington Wizards,Elbow,Out|Expected To Be Out Until At Least Oct 1,4/23/2025
AJ Johnson,SG,Washington Wizards,,,
Marcus Smart,SG,Washington Wizards,,,
Carlton Carrington,SG,Washington Wizards,,,
Colby Jones,SG,Washington Wizards,,,
Justin Champagnie,SG,Washington Wizards,,,
Kyshawn George,SG,Washington Wizards,,,
Malcolm Brogdon,SG,Washington Wizards,Ankle,Out|Expected To Be Out Until At Least Oct 1,4/23/2025
Khris Middleton,SG,Washington Wizards,Knee,Out|Expected To Be Out Until At Least Oct 1,4/23/2025
Bilal Coulibaly,SG,Washington Wizards,Hamstring,Out|Expected To Be Out Until At Least Oct 1,4/23/2025
Corey Kispert,SG,Washington Wizards,Thumb,Out|Expected To Be Out Until At Least Oct 1,4/23/2025
Jakob Poeltl,C,Toronto Raptors,Hand,Out|Expected To Be Out Until At Least Oct 1,4/23/2025
Jonathan Mogbo,C,Toronto Raptors,,,
Colin Castleton,C,Toronto Raptors,,,
Chris Boucher,C,Toronto Raptors,Illness,Out|Expected To Be Out Until At Least Oct 1,4/23/2025
Ulrich Chomche,C,Toronto Raptors,Knee,Out|Expected To Be Out Until At Least Jul 1,4/23/2025
Scottie Barnes,PF,Toronto Raptors,,,
Jonathan Mogbo,PF,Toronto Raptors,,,
Ochai Agbaji,PF,Toronto Raptors,,,
Jared Rhoden,PF,Toronto Raptors,Shoulder,Out|Expected To Be Out Until At Least Oct 1,4/23/2025
Jamison Battle,PF,Toronto Raptors,,,
Colin Castleton,PF,Toronto Raptors,,,
Chris Boucher,PF,Toronto Raptors,Illness,Out|Expected To Be Out Until At Least Oct 1,4/23/2025
RJ Barrett,PF,Toronto Raptors,,,
Brandon Ingram,PF,Toronto Raptors,Ankle,Out|Expected To Be Out Until At Least Oct 1,4/23/2025
Ulrich Chomche,PF,Toronto Raptors,Knee,Out|Expected To Be Out Until At Least Jul 1,4/23/2025
Immanuel Quickley,PG,Toronto Raptors,,,
Jamal Shead,PG,Toronto Raptors,,,
Scottie Barnes,PG,Toronto Raptors,,,
RJ Barrett,PG,Toronto Raptors,,,
AJ Lawson,PG,Toronto Raptors,,,
RJ Barrett,SF,Toronto Raptors,,,
Jamison Battle,SF,Toronto Raptors,,,
Ochai Agbaji,SF,Toronto Raptors,,,
Ja'Kobe Walter,SF,Toronto Raptors,Hip,Out|Expected To Be Out Until At Least Oct 1,4/23/2025
Scottie Barnes,SF,Toronto Raptors,,,
AJ Lawson,SF,Toronto Raptors,,,
Jared Rhoden,SF,Toronto Raptors,Shoulder,Out|Expected To Be Out Until At Least Oct 1,4/23/2025
Garrett Temple,SF,Toronto Raptors,Knee,Out|Expected To Be Out Until At Least Oct 1,4/23/2025
Jonathan Mogbo,SF,Toronto Raptors,,,
Brandon Ingram,SF,Toronto Raptors,Ankle,Out|Expected To Be Out Until At Least Oct 1,4/23/2025
Gradey Dick,SF,Toronto Raptors,Knee,Out|Expected To Be Out Until At Least Oct 1,4/23/2025
Ja'Kobe Walter,SG,Toronto Raptors,Hip,Out|Expected To Be Out Until At Least Oct 1,4/23/2025
Ochai Agbaji,SG,Toronto Raptors,,,
RJ Barrett,SG,Toronto Raptors,,,
AJ Lawson,SG,Toronto Raptors,,,
Jared Rhoden,SG,Toronto Raptors,Shoulder,Out|Expected To Be Out Until At Least Oct 1,4/23/2025
Jamison Battle,SG,Toronto Raptors,,,
Garrett Temple,SG,Toronto Raptors,Knee,Out|Expected To Be Out Until At Least Oct 1,4/23/2025
Immanuel Quickley,SG,Toronto Raptors,,,
Scottie Barnes,SG,Toronto Raptors,,,
Brandon Ingram,SG,Toronto Raptors,Ankle,Out|Expected To Be Out Until At Least Oct 1,4/23/2025
Gradey Dick,SG,Toronto Raptors,Knee,Out|Expected To Be Out Until At Least Oct 1,4/23/2025
